Participant,Age,Religion,Motivation_subscale,Average_rating
1,60,Christian,Nature_close,4.666666667
1,60,Christian,Sen_seek,3.5
1,60,Christian,Community,2.333333333
1,60,Christian,Rel_growth,1.333333333
1,60,Christian,Spirit_growth,4.2
1,60,Christian,Seek_life,5.25
2,29,Christian,Nature_close,4
2,29,Christian,Sen_seek,4.166666667
2,29,Christian,Community,3
2,29,Christian,Rel_growth,2.166666667
2,29,Christian,Spirit_growth,4
2,29,Christian,Seek_life,3.75
3,33,Christian,Nature_close,2.333333333
3,33,Christian,Sen_seek,2.166666667
3,33,Christian,Community,1
3,33,Christian,Rel_growth,2.333333333
3,33,Christian,Spirit_growth,5.2
3,33,Christian,Seek_life,5.5
4,30,Christian,Nature_close,4
4,30,Christian,Sen_seek,4.833333333
4,30,Christian,Community,3
4,30,Christian,Rel_growth,3.5
4,30,Christian,Spirit_growth,4.6
4,30,Christian,Seek_life,6
5,27,Atheist,Nature_close,4
5,27,Atheist,Sen_seek,5.333333333
5,27,Atheist,Community,1.666666667
5,27,Atheist,Rel_growth,1.5
5,27,Atheist,Spirit_growth,4.4
5,27,Atheist,Seek_life,1.75
6,26,Atheist,Nature_close,4
6,26,Atheist,Sen_seek,4.333333333
6,26,Atheist,Community,1.666666667
6,26,Atheist,Rel_growth,1.5
6,26,Atheist,Spirit_growth,5.8
6,26,Atheist,Seek_life,4
7,49,Christian,Nature_close,1.666666667
7,49,Christian,Sen_seek,1.5
7,49,Christian,Community,1
7,49,Christian,Rel_growth,5.666666667
7,49,Christian,Spirit_growth,3.2
7,49,Christian,Seek_life,3
8,55,Christian,Nature_close,5.333333333
8,55,Christian,Sen_seek,2.666666667
8,55,Christian,Community,2
8,55,Christian,Rel_growth,3.666666667
8,55,Christian,Spirit_growth,3.8
8,55,Christian,Seek_life,3.75
9,19,Christian,Nature_close,4.333333333
9,19,Christian,Sen_seek,4.5
9,19,Christian,Community,2.666666667
9,19,Christian,Rel_growth,3.833333333
9,19,Christian,Spirit_growth,5.2
9,19,Christian,Seek_life,5.5
10,46,Christian,Nature_close,4.666666667
10,46,Christian,Sen_seek,4.333333333
10,46,Christian,Community,3
10,46,Christian,Rel_growth,3.085666667
10,46,Christian,Spirit_growth,5.8
10,46,Christian,Seek_life,4.75
11,22,Christian,Nature_close,1.666666667
11,22,Christian,Sen_seek,3.5
11,22,Christian,Community,1.666666667
11,22,Christian,Rel_growth,1
11,22,Christian,Spirit_growth,1.6
11,22,Christian,Seek_life,1.25
12,22,Christian,Nature_close,4.333333333
12,22,Christian,Sen_seek,5.333333333
12,22,Christian,Community,2
12,22,Christian,Rel_growth,2
12,22,Christian,Spirit_growth,4.8
12,22,Christian,Seek_life,4.75
13,34,Christian,Nature_close,2.958333333
13,34,Christian,Sen_seek,4
13,34,Christian,Community,2.333333333
13,34,Christian,Rel_growth,1
13,34,Christian,Spirit_growth,1.8
13,34,Christian,Seek_life,1
14,63,Christian,Nature_close,5
14,63,Christian,Sen_seek,3.666666667
14,63,Christian,Community,2.253
14,63,Christian,Rel_growth,1.666666667
14,63,Christian,Spirit_growth,2.8
14,63,Christian,Seek_life,1.5
15,27,Atheist,Nature_close,5.333333333
15,27,Atheist,Sen_seek,4.5
15,27,Atheist,Community,1.333333333
15,27,Atheist,Rel_growth,2.333333333
15,27,Atheist,Spirit_growth,5.6
15,27,Atheist,Seek_life,4.5
16,20,Atheist,Nature_close,4.333333333
16,20,Atheist,Sen_seek,4.166666667
16,20,Atheist,Community,2.666666667
16,20,Atheist,Rel_growth,2.333333333
16,20,Atheist,Spirit_growth,5.6
16,20,Atheist,Seek_life,4.25
17,66,Christian,Nature_close,4.333333333
17,66,Christian,Sen_seek,3.666666667
17,66,Christian,Community,2.253
17,66,Christian,Rel_growth,1.166666667
17,66,Christian,Spirit_growth,3
17,66,Christian,Seek_life,1.25
18,24,Christian,Nature_close,3.666666667
18,24,Christian,Sen_seek,4.666666667
18,24,Christian,Community,1
18,24,Christian,Rel_growth,1.666666667
18,24,Christian,Spirit_growth,3.8
18,24,Christian,Seek_life,2.75
19,40,Christian,Nature_close,5.333333333
19,40,Christian,Sen_seek,3.333333333
19,40,Christian,Community,2
19,40,Christian,Rel_growth,5
19,40,Christian,Spirit_growth,5
19,40,Christian,Seek_life,4
20,46,Christian,Nature_close,5.333333333
20,46,Christian,Sen_seek,5.5
20,46,Christian,Community,3.666666667
20,46,Christian,Rel_growth,3.666666667
20,46,Christian,Spirit_growth,4.2
20,46,Christian,Seek_life,3.75
21,54,Christian,Nature_close,4.333333333
21,54,Christian,Sen_seek,4.166666667
21,54,Christian,Community,1.666666667
21,54,Christian,Rel_growth,2.833333333
21,54,Christian,Spirit_growth,2.2
21,54,Christian,Seek_life,1.25
22,38,Christian,Nature_close,4.333333333
22,38,Christian,Sen_seek,3.833333333
22,38,Christian,Community,1
22,38,Christian,Rel_growth,2
22,38,Christian,Spirit_growth,1.6
22,38,Christian,Seek_life,1.75
23,56,Christian,Nature_close,4.333333333
23,56,Christian,Sen_seek,3.5
23,56,Christian,Community,2.666666667
23,56,Christian,Rel_growth,3.666666667
23,56,Christian,Spirit_growth,2.6
23,56,Christian,Seek_life,2.25
24,25,Christian,Nature_close,4.666666667
24,25,Christian,Sen_seek,4.833333333
24,25,Christian,Community,1.333333333
24,25,Christian,Rel_growth,3.806666667
24,25,Christian,Spirit_growth,5.4
24,25,Christian,Seek_life,4.5
25,44,Christian,Nature_close,5.333333333
25,44,Christian,Sen_seek,4.166666667
25,44,Christian,Community,4
25,44,Christian,Rel_growth,4.666666667
25,44,Christian,Spirit_growth,5.4
25,44,Christian,Seek_life,4.5
26,19,Christian,Nature_close,3
26,19,Christian,Sen_seek,4.666666667
26,19,Christian,Community,2
26,19,Christian,Rel_growth,2.166666667
26,19,Christian,Spirit_growth,4
26,19,Christian,Seek_life,5.25
27,24,Christian,Nature_close,3.333333333
27,24,Christian,Sen_seek,3.166666667
27,24,Christian,Community,3.333333333
27,24,Christian,Rel_growth,4.5
27,24,Christian,Spirit_growth,4
27,24,Christian,Seek_life,3.75
28,45,Christian,Nature_close,5.666666667
28,45,Christian,Sen_seek,4
28,45,Christian,Community,4
28,45,Christian,Rel_growth,3.5
28,45,Christian,Spirit_growth,3.6
28,45,Christian,Seek_life,2.25
29,28,Christian,Nature_close,4.333333333
29,28,Christian,Sen_seek,5.333333333
29,28,Christian,Community,3
29,28,Christian,Rel_growth,2.166666667
29,28,Christian,Spirit_growth,4.6
29,28,Christian,Seek_life,3.75
30,30,Christian,Nature_close,4.666666667
30,30,Christian,Sen_seek,4.166666667
30,30,Christian,Community,2.666666667
30,30,Christian,Rel_growth,2.333333333
30,30,Christian,Spirit_growth,4.2
30,30,Christian,Seek_life,5.25
31,42,Atheist,Nature_close,5.333333333
31,42,Atheist,Sen_seek,5
31,42,Atheist,Community,3.333333333
31,42,Atheist,Rel_growth,3.833333333
31,42,Atheist,Spirit_growth,4.8
31,42,Atheist,Seek_life,2.75
32,30,Atheist,Nature_close,3.666666667
32,30,Atheist,Sen_seek,4.333333333
32,30,Atheist,Community,1.666666667
32,30,Atheist,Rel_growth,1.166666667
32,30,Atheist,Spirit_growth,3.2
32,30,Atheist,Seek_life,3.25
33,48,Atheist,Nature_close,4
33,48,Atheist,Sen_seek,4
33,48,Atheist,Community,2.333333333
33,48,Atheist,Rel_growth,1
33,48,Atheist,Spirit_growth,3.2
33,48,Atheist,Seek_life,1.75
34,45,Christian,Nature_close,2.333333333
34,45,Christian,Sen_seek,5.666666667
34,45,Christian,Community,2.666666667
34,45,Christian,Rel_growth,1.666666667
34,45,Christian,Spirit_growth,2.6
34,45,Christian,Seek_life,1.5
35,66,Christian,Nature_close,3.666666667
35,66,Christian,Sen_seek,2.166666667
35,66,Christian,Community,2.666666667
35,66,Christian,Rel_growth,3
35,66,Christian,Spirit_growth,3
35,66,Christian,Seek_life,2.25
36,30,Atheist,Nature_close,4.333333333
36,30,Atheist,Sen_seek,3.666666667
36,30,Atheist,Community,3.333333333
36,30,Atheist,Rel_growth,2.166666667
36,30,Atheist,Spirit_growth,3.6
36,30,Atheist,Seek_life,3
37,25,Atheist,Nature_close,4.333333333
37,25,Atheist,Sen_seek,5.166666667
37,25,Atheist,Community,4
37,25,Atheist,Rel_growth,3.166666667
37,25,Atheist,Spirit_growth,4
37,25,Atheist,Seek_life,2.75
38,59,Christian,Nature_close,6
38,59,Christian,Sen_seek,2
38,59,Christian,Community,4.333333333
38,59,Christian,Rel_growth,6
38,59,Christian,Spirit_growth,4
38,59,Christian,Seek_life,1.75
39,21,Christian,Nature_close,4.666666667
39,21,Christian,Sen_seek,5.833333333
39,21,Christian,Community,1.666666667
39,21,Christian,Rel_growth,2.166666667
39,21,Christian,Spirit_growth,2.8
39,21,Christian,Seek_life,4
40,20,Atheist,Nature_close,1.333333333
40,20,Atheist,Sen_seek,2.666666667
40,20,Atheist,Community,1
40,20,Atheist,Rel_growth,1
40,20,Atheist,Spirit_growth,1.8
40,20,Atheist,Seek_life,2.25
42,24,Christian,Nature_close,4.666666667
42,24,Christian,Sen_seek,5
42,24,Christian,Community,3.333333333
42,24,Christian,Rel_growth,2.333333333
42,24,Christian,Spirit_growth,2.8
42,24,Christian,Seek_life,3
43,49,Christian,Nature_close,2.333333333
43,49,Christian,Sen_seek,2.833333333
43,49,Christian,Community,1
43,49,Christian,Rel_growth,5.166666667
43,49,Christian,Spirit_growth,2.4
43,49,Christian,Seek_life,1
44,33,Christian,Nature_close,5
44,33,Christian,Sen_seek,5
44,33,Christian,Community,1.666666667
44,33,Christian,Rel_growth,5.5
44,33,Christian,Spirit_growth,5.2
44,33,Christian,Seek_life,4.75
45,37,Christian,Nature_close,3.666666667
45,37,Christian,Sen_seek,3.666666667
45,37,Christian,Community,2
45,37,Christian,Rel_growth,2.333333333
45,37,Christian,Spirit_growth,3.6
45,37,Christian,Seek_life,3
46,26,Christian,Nature_close,4.333333333
46,26,Christian,Sen_seek,4.166666667
46,26,Christian,Community,2
46,26,Christian,Rel_growth,2.166666667
46,26,Christian,Spirit_growth,3.6
46,26,Christian,Seek_life,1.5
47,35,Christian,Nature_close,4
47,35,Christian,Sen_seek,3.333333333
47,35,Christian,Community,3.333333333
47,35,Christian,Rel_growth,1.333333333
47,35,Christian,Spirit_growth,3.8
47,35,Christian,Seek_life,3.25
48,50,Christian,Nature_close,3.666666667
48,50,Christian,Sen_seek,4.5
48,50,Christian,Community,4
48,50,Christian,Rel_growth,2.833333333
48,50,Christian,Spirit_growth,4.4188
48,50,Christian,Seek_life,1.75
49,46,Atheist,Nature_close,4.333333333
49,46,Atheist,Sen_seek,4.5
49,46,Atheist,Community,2.666666667
49,46,Atheist,Rel_growth,1.833333333
49,46,Atheist,Spirit_growth,5.6
49,46,Atheist,Seek_life,3.5
50,20,Christian,Nature_close,4
50,20,Christian,Sen_seek,5.5
50,20,Christian,Community,1.666666667
50,20,Christian,Rel_growth,1
50,20,Christian,Spirit_growth,3.4
50,20,Christian,Seek_life,1.75
51,49,Christian,Nature_close,4
51,49,Christian,Sen_seek,1.333333333
51,49,Christian,Community,2.666666667
51,49,Christian,Rel_growth,4.833333333
51,49,Christian,Spirit_growth,4.2
51,49,Christian,Seek_life,3.25
52,63,Christian,Nature_close,5.666666667
52,63,Christian,Sen_seek,4
52,63,Christian,Community,2.253
52,63,Christian,Rel_growth,1.333333333
52,63,Christian,Spirit_growth,3.8
52,63,Christian,Seek_life,1.75
53,24,Christian,Nature_close,4.666666667
53,24,Christian,Sen_seek,4.5
53,24,Christian,Community,2.333333333
53,24,Christian,Rel_growth,2.166666667
53,24,Christian,Spirit_growth,4.947
53,24,Christian,Seek_life,4
54,25,Christian,Nature_close,4
54,25,Christian,Sen_seek,5.666666667
54,25,Christian,Community,1.333333333
54,25,Christian,Rel_growth,2.333333333
54,25,Christian,Spirit_growth,4
54,25,Christian,Seek_life,3.75
55,23,Christian,Nature_close,4.333333333
55,23,Christian,Sen_seek,5.333333333
55,23,Christian,Community,3
55,23,Christian,Rel_growth,2.666666667
55,23,Christian,Spirit_growth,5
55,23,Christian,Seek_life,3.25
56,19,Christian,Nature_close,3.666666667
56,19,Christian,Sen_seek,2.5
56,19,Christian,Community,1
56,19,Christian,Rel_growth,2.666666667
56,19,Christian,Spirit_growth,3.8
56,19,Christian,Seek_life,4
57,45,Atheist,Nature_close,4.666666667
57,45,Atheist,Sen_seek,3.166666667
57,45,Atheist,Community,1
57,45,Atheist,Rel_growth,5.166666667
57,45,Atheist,Spirit_growth,6
57,45,Atheist,Seek_life,5.75
58,21,Atheist,Nature_close,4.666666667
58,21,Atheist,Sen_seek,6
58,21,Atheist,Community,6
58,21,Atheist,Rel_growth,4.333333333
58,21,Atheist,Spirit_growth,5.2
58,21,Atheist,Seek_life,4.75
59,50,Christian,Nature_close,5.333333333
59,50,Christian,Sen_seek,5.5
59,50,Christian,Community,2.586333333
59,50,Christian,Rel_growth,2.666666667
59,50,Christian,Spirit_growth,3.8
59,50,Christian,Seek_life,3.25
60,20,Christian,Nature_close,3.666666667
60,20,Christian,Sen_seek,5.166666667
60,20,Christian,Community,1
60,20,Christian,Rel_growth,1.333333333
60,20,Christian,Spirit_growth,3.2
60,20,Christian,Seek_life,1.75
61,43,Christian,Nature_close,5.666666667
61,43,Christian,Sen_seek,2.166666667
61,43,Christian,Community,1.666666667
61,43,Christian,Rel_growth,5.166666667
61,43,Christian,Spirit_growth,5
61,43,Christian,Seek_life,4.25
62,37,Christian,Nature_close,5.333333333
62,37,Christian,Sen_seek,2.5
62,37,Christian,Community,5.333333333
62,37,Christian,Rel_growth,5.833333333
62,37,Christian,Spirit_growth,6
62,37,Christian,Seek_life,3.5
63,54,Christian,Nature_close,5
63,54,Christian,Sen_seek,1.833333333
63,54,Christian,Community,3.666666667
63,54,Christian,Rel_growth,4.166666667
63,54,Christian,Spirit_growth,2.2
63,54,Christian,Seek_life,1
64,50,Christian,Nature_close,4.333333333
64,50,Christian,Sen_seek,2
64,50,Christian,Community,3.666666667
64,50,Christian,Rel_growth,5.666666667
64,50,Christian,Spirit_growth,6
64,50,Christian,Seek_life,2
65,27,Atheist,Nature_close,3.666666667
65,27,Atheist,Sen_seek,3.166666667
65,27,Atheist,Community,4
65,27,Atheist,Rel_growth,2.166666667
65,27,Atheist,Spirit_growth,2.4
65,27,Atheist,Seek_life,2
66,26,Christian,Nature_close,5.333333333
66,26,Christian,Sen_seek,4.166666667
66,26,Christian,Community,3.666666667
66,26,Christian,Rel_growth,4.5
66,26,Christian,Spirit_growth,5.2
66,26,Christian,Seek_life,5.75
67,45,Christian,Nature_close,6
67,45,Christian,Sen_seek,5.166666667
67,45,Christian,Community,3.666666667
67,45,Christian,Rel_growth,4
67,45,Christian,Spirit_growth,5
67,45,Christian,Seek_life,3
68,42,Christian,Nature_close,4.333333333
68,42,Christian,Sen_seek,2.666666667
68,42,Christian,Community,1
68,42,Christian,Rel_growth,4.166666667
68,42,Christian,Spirit_growth,4.2
68,42,Christian,Seek_life,4.5
69,52,Christian,Nature_close,5
69,52,Christian,Sen_seek,4.833333333
69,52,Christian,Community,3.666666667
69,52,Christian,Rel_growth,2.833333333
69,52,Christian,Spirit_growth,3.4
69,52,Christian,Seek_life,2.25
70,25,Christian,Nature_close,3.666666667
70,25,Christian,Sen_seek,4.666666667
70,25,Christian,Community,2.333333333
70,25,Christian,Rel_growth,3
70,25,Christian,Spirit_growth,2
70,25,Christian,Seek_life,1
71,63,Christian,Nature_close,4.333333333
71,63,Christian,Sen_seek,4.333333333
71,63,Christian,Community,2.666666667
71,63,Christian,Rel_growth,3.666666667
71,63,Christian,Spirit_growth,4
71,63,Christian,Seek_life,3
72,51,Christian,Nature_close,6
72,51,Christian,Sen_seek,2
72,51,Christian,Community,1
72,51,Christian,Rel_growth,5.666666667
72,51,Christian,Spirit_growth,6
72,51,Christian,Seek_life,4.5
73,40,Atheist,Nature_close,1.666666667
73,40,Atheist,Sen_seek,4.5
73,40,Atheist,Community,1
73,40,Atheist,Rel_growth,1.333333333
73,40,Atheist,Spirit_growth,1.4
73,40,Atheist,Seek_life,2.25
74,30,Christian,Nature_close,3
74,30,Christian,Sen_seek,4.166666667
74,30,Christian,Community,4.666666667
74,30,Christian,Rel_growth,5.333333333
74,30,Christian,Spirit_growth,5.6
74,30,Christian,Seek_life,5.25
75,36,Christian,Nature_close,4.666666667
75,36,Christian,Sen_seek,2.833333333
75,36,Christian,Community,3.333333333
75,36,Christian,Rel_growth,3.333333333
75,36,Christian,Spirit_growth,3.8
75,36,Christian,Seek_life,1.5
76,21,Christian,Nature_close,3
76,21,Christian,Sen_seek,5.666666667
76,21,Christian,Community,4
76,21,Christian,Rel_growth,1.833333333
76,21,Christian,Spirit_growth,2.8
76,21,Christian,Seek_life,4.75
77,21,Christian,Nature_close,3.927
77,21,Christian,Sen_seek,4
77,21,Christian,Community,2.333333333
77,21,Christian,Rel_growth,2.5
77,21,Christian,Spirit_growth,4.4
77,21,Christian,Seek_life,4.75
78,20,Christian,Nature_close,3.666666667
78,20,Christian,Sen_seek,5.666666667
78,20,Christian,Community,1.666666667
78,20,Christian,Rel_growth,3.333333333
78,20,Christian,Spirit_growth,4.2188
78,20,Christian,Seek_life,3.75
79,34,Christian,Nature_close,3.666666667
79,34,Christian,Sen_seek,3.333333333
79,34,Christian,Community,2.666666667
79,34,Christian,Rel_growth,1.666666667
79,34,Christian,Spirit_growth,2.6
79,34,Christian,Seek_life,1
80,23,Christian,Nature_close,4
80,23,Christian,Sen_seek,3.5
80,23,Christian,Community,1
80,23,Christian,Rel_growth,3.666666667
80,23,Christian,Spirit_growth,4.8
80,23,Christian,Seek_life,3.25
81,22,Atheist,Nature_close,4.333333333
81,22,Atheist,Sen_seek,3.833333333
81,22,Atheist,Community,2
81,22,Atheist,Rel_growth,2.333333333
81,22,Atheist,Spirit_growth,4
81,22,Atheist,Seek_life,3.5
82,19,Christian,Nature_close,4
82,19,Christian,Sen_seek,5.166666667
82,19,Christian,Community,3.666666667
82,19,Christian,Rel_growth,2.833333333
82,19,Christian,Spirit_growth,4.2
82,19,Christian,Seek_life,4.75
83,19,Christian,Nature_close,4.333333333
83,19,Christian,Sen_seek,5.5
83,19,Christian,Community,2.333333333
83,19,Christian,Rel_growth,1.666666667
83,19,Christian,Spirit_growth,3
83,19,Christian,Seek_life,4.25
84,48,Christian,Nature_close,4.666666667
84,48,Christian,Sen_seek,4.833333333
84,48,Christian,Community,2
84,48,Christian,Rel_growth,6
84,48,Christian,Spirit_growth,4.6
84,48,Christian,Seek_life,2
85,40,Christian,Nature_close,4.666666667
85,40,Christian,Sen_seek,4.666666667
85,40,Christian,Community,4
85,40,Christian,Rel_growth,4.666666667
85,40,Christian,Spirit_growth,4.6
85,40,Christian,Seek_life,1.5
86,25,Christian,Nature_close,3.666666667
86,25,Christian,Sen_seek,4.5
86,25,Christian,Community,2.333333333
86,25,Christian,Rel_growth,2.333333333
86,25,Christian,Spirit_growth,4.6
86,25,Christian,Seek_life,5.5
87,55,Christian,Nature_close,3.333333333
87,55,Christian,Sen_seek,4.333333333
87,55,Christian,Community,2.666666667
87,55,Christian,Rel_growth,3.333333333
87,55,Christian,Spirit_growth,2.8
87,55,Christian,Seek_life,4.5
88,60,Christian,Nature_close,5
88,60,Christian,Sen_seek,3
88,60,Christian,Community,3.666666667
88,60,Christian,Rel_growth,4.166666667
88,60,Christian,Spirit_growth,5.4
88,60,Christian,Seek_life,3.25
89,28,Christian,Nature_close,4.666666667
89,28,Christian,Sen_seek,4.666666667
89,28,Christian,Community,4
89,28,Christian,Rel_growth,3.666666667
89,28,Christian,Spirit_growth,3.4
89,28,Christian,Seek_life,4
90,25,Atheist,Nature_close,4.333333333
90,25,Atheist,Sen_seek,4.166666667
90,25,Atheist,Community,2
90,25,Atheist,Rel_growth,2.519333333
90,25,Atheist,Spirit_growth,3.8
90,25,Atheist,Seek_life,3.5
91,21,Christian,Nature_close,3.666666667
91,21,Christian,Sen_seek,5.166666667
91,21,Christian,Community,3
91,21,Christian,Rel_growth,5.333333333
91,21,Christian,Spirit_growth,5.4
91,21,Christian,Seek_life,4.25
92,21,Atheist,Nature_close,4
92,21,Atheist,Sen_seek,5.5
92,21,Atheist,Community,1
92,21,Atheist,Rel_growth,1
92,21,Atheist,Spirit_growth,2.4
92,21,Atheist,Seek_life,4.25
93,45,Atheist,Nature_close,4.333333333
93,45,Atheist,Sen_seek,6
93,45,Atheist,Community,2
93,45,Atheist,Rel_growth,1.833333333
93,45,Atheist,Spirit_growth,5.2
93,45,Atheist,Seek_life,3.5
94,36,Christian,Nature_close,4
94,36,Christian,Sen_seek,2
94,36,Christian,Community,1.666666667
94,36,Christian,Rel_growth,4.833333333
94,36,Christian,Spirit_growth,4.6
94,36,Christian,Seek_life,5.75
95,21,Christian,Nature_close,3.666666667
95,21,Christian,Sen_seek,5.666666667
95,21,Christian,Community,2.333333333
95,21,Christian,Rel_growth,1.333333333
95,21,Christian,Spirit_growth,3
95,21,Christian,Seek_life,3
96,20,Christian,Nature_close,5
96,20,Christian,Sen_seek,4.333333333
96,20,Christian,Community,1
96,20,Christian,Rel_growth,3.666666667
96,20,Christian,Spirit_growth,3.2
96,20,Christian,Seek_life,3
97,70,Christian,Nature_close,2.333333333
97,70,Christian,Sen_seek,4.333333333
97,70,Christian,Community,1
97,70,Christian,Rel_growth,4.5
97,70,Christian,Spirit_growth,3.2
97,70,Christian,Seek_life,1
98,36,Christian,Nature_close,5
98,36,Christian,Sen_seek,6
98,36,Christian,Community,1.333333333
98,36,Christian,Rel_growth,1.5
98,36,Christian,Spirit_growth,4
98,36,Christian,Seek_life,2.25
99,59,Christian,Nature_close,5
99,59,Christian,Sen_seek,3.333333333
99,59,Christian,Community,4
99,59,Christian,Rel_growth,5.666666667
99,59,Christian,Spirit_growth,5.5494
99,59,Christian,Seek_life,4.5
100,40,Christian,Nature_close,6
100,40,Christian,Sen_seek,5.333333333
100,40,Christian,Community,3.333333333
100,40,Christian,Rel_growth,5.5
100,40,Christian,Spirit_growth,4.8
100,40,Christian,Seek_life,4.13975
102,28,Christian,Nature_close,6
102,28,Christian,Sen_seek,2.833333333
102,28,Christian,Community,1.666666667
102,28,Christian,Rel_growth,4.166666667
102,28,Christian,Spirit_growth,5
102,28,Christian,Seek_life,4
103,26,Christian,Nature_close,5.333333333
103,26,Christian,Sen_seek,5.333333333
103,26,Christian,Community,1
103,26,Christian,Rel_growth,3
103,26,Christian,Spirit_growth,3.6
103,26,Christian,Seek_life,2.5
104,53,Atheist,Nature_close,5
104,53,Atheist,Sen_seek,4.333333333
104,53,Atheist,Community,4.28
104,53,Atheist,Rel_growth,1.666666667
104,53,Atheist,Spirit_growth,3.2
104,53,Atheist,Seek_life,2.75
105,20,Christian,Nature_close,4.666666667
105,20,Christian,Sen_seek,4
105,20,Christian,Community,4.666666667
105,20,Christian,Rel_growth,4.666666667
105,20,Christian,Spirit_growth,5
105,20,Christian,Seek_life,2.5
106,30,Christian,Nature_close,4.333333333
106,30,Christian,Sen_seek,3.333333333
106,30,Christian,Community,2.586333333
106,30,Christian,Rel_growth,2.666666667
106,30,Christian,Spirit_growth,3.6
106,30,Christian,Seek_life,2.25
107,27,Christian,Nature_close,5.666666667
107,27,Christian,Sen_seek,5
107,27,Christian,Community,2
107,27,Christian,Rel_growth,3.833333333
107,27,Christian,Spirit_growth,5.8
107,27,Christian,Seek_life,4.75
108,28,Christian,Nature_close,5
108,28,Christian,Sen_seek,4.5
108,28,Christian,Community,2.666666667
108,28,Christian,Rel_growth,2.833333333
108,28,Christian,Spirit_growth,3
108,28,Christian,Seek_life,1.75
109,47,Christian,Nature_close,3
109,47,Christian,Sen_seek,3
109,47,Christian,Community,4.666666667
109,47,Christian,Rel_growth,1.666666667
109,47,Christian,Spirit_growth,3.1494
109,47,Christian,Seek_life,1
110,65,Christian,Nature_close,4.333333333
110,65,Christian,Sen_seek,4.666666667
110,65,Christian,Community,2
110,65,Christian,Rel_growth,2.166666667
110,65,Christian,Spirit_growth,4.8
110,65,Christian,Seek_life,3.512975
111,43,Christian,Nature_close,1.666666667
111,43,Christian,Sen_seek,3.666666667
111,43,Christian,Community,4.333333333
111,43,Christian,Rel_growth,2.666666667
111,43,Christian,Spirit_growth,2
111,43,Christian,Seek_life,3
112,51,Christian,Nature_close,3.666666667
112,51,Christian,Sen_seek,3.166666667
112,51,Christian,Community,4
112,51,Christian,Rel_growth,5.166666667
112,51,Christian,Spirit_growth,4.4
112,51,Christian,Seek_life,2.25
113,47,Christian,Nature_close,6
113,47,Christian,Sen_seek,4
113,47,Christian,Community,4.666666667
113,47,Christian,Rel_growth,4.833333333
113,47,Christian,Spirit_growth,3.4
113,47,Christian,Seek_life,2.5
114,45,Christian,Nature_close,4.333333333
114,45,Christian,Sen_seek,4.666666667
114,45,Christian,Community,2.666666667
114,45,Christian,Rel_growth,4.166666667
114,45,Christian,Spirit_growth,5.6
114,45,Christian,Seek_life,5.5
115,37,Christian,Nature_close,5.666666667
115,37,Christian,Sen_seek,5.666666667
115,37,Christian,Community,4.666666667
115,37,Christian,Rel_growth,3.333333333
115,37,Christian,Spirit_growth,3.6
115,37,Christian,Seek_life,1.5
116,32,Christian,Nature_close,3.666666667
116,32,Christian,Sen_seek,3.5
116,32,Christian,Community,4.333333333
116,32,Christian,Rel_growth,1.333333333
116,32,Christian,Spirit_growth,2.4
116,32,Christian,Seek_life,1.25
117,28,Christian,Nature_close,4.333333333
117,28,Christian,Sen_seek,4.666666667
117,28,Christian,Community,2.333333333
117,28,Christian,Rel_growth,4.333333333
117,28,Christian,Spirit_growth,5.4
117,28,Christian,Seek_life,4.75
119,40,Atheist,Nature_close,6
119,40,Atheist,Sen_seek,3.166666667
119,40,Atheist,Community,2.666666667
119,40,Atheist,Rel_growth,1.666666667
119,40,Atheist,Spirit_growth,5.4
119,40,Atheist,Seek_life,2.25
120,49,Christian,Nature_close,5
120,49,Christian,Sen_seek,4.833333333
120,49,Christian,Community,2
120,49,Christian,Rel_growth,2.833333333
120,49,Christian,Spirit_growth,3.6
120,49,Christian,Seek_life,1
121,34,Christian,Nature_close,1
121,34,Christian,Sen_seek,4.833333333
121,34,Christian,Community,2
121,34,Christian,Rel_growth,3.833333333
121,34,Christian,Spirit_growth,2.4
121,34,Christian,Seek_life,1.25
123,37,Christian,Nature_close,6
123,37,Christian,Sen_seek,4.833333333
123,37,Christian,Community,6
123,37,Christian,Rel_growth,5
123,37,Christian,Spirit_growth,5.7494
123,37,Christian,Seek_life,4.5
124,28,Christian,Nature_close,6
124,28,Christian,Sen_seek,6
124,28,Christian,Community,6
124,28,Christian,Rel_growth,6
124,28,Christian,Spirit_growth,5.7494
124,28,Christian,Seek_life,5.5
125,46,Christian,Nature_close,6
125,46,Christian,Sen_seek,5.5
125,46,Christian,Community,5.666666667
125,46,Christian,Rel_growth,4
125,46,Christian,Spirit_growth,5.2
125,46,Christian,Seek_life,5
126,58,Christian,Nature_close,5
126,58,Christian,Sen_seek,5.5
126,58,Christian,Community,6
126,58,Christian,Rel_growth,5
126,58,Christian,Spirit_growth,5.4
126,58,Christian,Seek_life,3
127,21,Christian,Nature_close,4.333333333
127,21,Christian,Sen_seek,4.666666667
127,21,Christian,Community,2
127,21,Christian,Rel_growth,3
127,21,Christian,Spirit_growth,3
127,21,Christian,Seek_life,2.75
128,49,Christian,Nature_close,3.333333333
128,49,Christian,Sen_seek,2
128,49,Christian,Community,1
128,49,Christian,Rel_growth,1
128,49,Christian,Spirit_growth,1.4
128,49,Christian,Seek_life,1
129,27,Atheist,Nature_close,4
129,27,Atheist,Sen_seek,4.666666667
129,27,Atheist,Community,1.444333333
129,27,Atheist,Rel_growth,1.5
129,27,Atheist,Spirit_growth,3.8
129,27,Atheist,Seek_life,2.25
130,65,Christian,Nature_close,4.333333333
130,65,Christian,Sen_seek,4
130,65,Christian,Community,5
130,65,Christian,Rel_growth,4
130,65,Christian,Spirit_growth,4.4
130,65,Christian,Seek_life,4
132,74,Christian,Nature_close,4.333333333
132,74,Christian,Sen_seek,2.666666667
132,74,Christian,Community,1.666666667
132,74,Christian,Rel_growth,1
132,74,Christian,Spirit_growth,2.6
132,74,Christian,Seek_life,1.25
134,69,Christian,Nature_close,4.333333333
134,69,Christian,Sen_seek,4.114666667
134,69,Christian,Community,4.333333333
134,69,Christian,Rel_growth,1.833333333
134,69,Christian,Spirit_growth,1.8
134,69,Christian,Seek_life,1.25
135,71,Christian,Nature_close,3
135,71,Christian,Sen_seek,2.833333333
135,71,Christian,Community,2
135,71,Christian,Rel_growth,4.166666667
135,71,Christian,Spirit_growth,5
135,71,Christian,Seek_life,3.5
136,25,Christian,Nature_close,5.333333333
136,25,Christian,Sen_seek,5.833333333
136,25,Christian,Community,3.333333333
136,25,Christian,Rel_growth,2.5
136,25,Christian,Spirit_growth,4
136,25,Christian,Seek_life,3.5
137,30,Christian,Nature_close,6
137,30,Christian,Sen_seek,5.666666667
137,30,Christian,Community,2.666666667
137,30,Christian,Rel_growth,5.666666667
137,30,Christian,Spirit_growth,6
137,30,Christian,Seek_life,5.5
138,26,Christian,Nature_close,6
138,26,Christian,Sen_seek,3.5
138,26,Christian,Community,2
138,26,Christian,Rel_growth,6
138,26,Christian,Spirit_growth,5.0188
138,26,Christian,Seek_life,6
139,31,Christian,Nature_close,5.666666667
139,31,Christian,Sen_seek,3.833333333
139,31,Christian,Community,3.333333333
139,31,Christian,Rel_growth,3.833333333
139,31,Christian,Spirit_growth,4.5494
139,31,Christian,Seek_life,3.75
140,46,Christian,Nature_close,4.333333333
140,46,Christian,Sen_seek,3.166666667
140,46,Christian,Community,1
140,46,Christian,Rel_growth,4.166666667
140,46,Christian,Spirit_growth,4.3494
140,46,Christian,Seek_life,4.5
141,35,Christian,Nature_close,5.666666667
141,35,Christian,Sen_seek,1.5
141,35,Christian,Community,2
141,35,Christian,Rel_growth,6
141,35,Christian,Spirit_growth,5.8
141,35,Christian,Seek_life,4.75
142,49,Christian,Nature_close,4.666666667
142,49,Christian,Sen_seek,3.252
142,49,Christian,Community,3
142,49,Christian,Rel_growth,3.666666667
142,49,Christian,Spirit_growth,5
142,49,Christian,Seek_life,1.75
143,37,Christian,Nature_close,2.666666667
143,37,Christian,Sen_seek,4.5
143,37,Christian,Community,3.666666667
143,37,Christian,Rel_growth,3
143,37,Christian,Spirit_growth,3.6
143,37,Christian,Seek_life,3.25
144,39,Christian,Nature_close,3.666666667
144,39,Christian,Sen_seek,4.333333333
144,39,Christian,Community,1
144,39,Christian,Rel_growth,2.333333333
144,39,Christian,Spirit_growth,4.6
144,39,Christian,Seek_life,4.5
145,37,Atheist,Nature_close,6
145,37,Atheist,Sen_seek,4.5
145,37,Atheist,Community,5
145,37,Atheist,Rel_growth,1.5
145,37,Atheist,Spirit_growth,2
145,37,Atheist,Seek_life,1.25
146,51,Christian,Nature_close,5
146,51,Christian,Sen_seek,2.333333333
146,51,Christian,Community,2.333333333
146,51,Christian,Rel_growth,5.5
146,51,Christian,Spirit_growth,5.2
146,51,Christian,Seek_life,2
147,27,Atheist,Nature_close,6
147,27,Atheist,Sen_seek,5
147,27,Atheist,Community,3
147,27,Atheist,Rel_growth,4.666666667
147,27,Atheist,Spirit_growth,5.6
147,27,Atheist,Seek_life,2.75
149,66,Christian,Nature_close,5
149,66,Christian,Sen_seek,4.5
149,66,Christian,Community,4.333333333
149,66,Christian,Rel_growth,4.333333333
149,66,Christian,Spirit_growth,4.1494
149,66,Christian,Seek_life,2.25
150,44,Christian,Nature_close,4.333333333
150,44,Christian,Sen_seek,3.833333333
150,44,Christian,Community,5.666666667
150,44,Christian,Rel_growth,3.333333333
150,44,Christian,Spirit_growth,3.7494
150,44,Christian,Seek_life,1.5
151,59,Christian,Nature_close,3
151,59,Christian,Sen_seek,3.166666667
151,59,Christian,Community,2
151,59,Christian,Rel_growth,3.333333333
151,59,Christian,Spirit_growth,3.4
151,59,Christian,Seek_life,3.25
152,60,Christian,Nature_close,5
152,60,Christian,Sen_seek,4.333333333
152,60,Christian,Community,2.666666667
152,60,Christian,Rel_growth,4.166666667
152,60,Christian,Spirit_growth,4.9494
152,60,Christian,Seek_life,4.25
153,20,Christian,Nature_close,6
153,20,Christian,Sen_seek,4
153,20,Christian,Community,1.666666667
153,20,Christian,Rel_growth,4.166666667
153,20,Christian,Spirit_growth,5.7494
153,20,Christian,Seek_life,3.5
154,43,Christian,Nature_close,4
154,43,Christian,Sen_seek,3.333333333
154,43,Christian,Community,2.333333333
154,43,Christian,Rel_growth,4.833333333
154,43,Christian,Spirit_growth,3.1494
154,43,Christian,Seek_life,1.5
155,28,Christian,Nature_close,4
155,28,Christian,Sen_seek,3.833333333
155,28,Christian,Community,3.566333333
155,28,Christian,Rel_growth,4.833333333
155,28,Christian,Spirit_growth,5.4
155,28,Christian,Seek_life,3
156,30,Christian,Nature_close,4.666666667
156,30,Christian,Sen_seek,2.5
156,30,Christian,Community,1.333333333
156,30,Christian,Rel_growth,5.833333333
156,30,Christian,Spirit_growth,4.7494
156,30,Christian,Seek_life,5.5
157,23,Christian,Nature_close,4.666666667
157,23,Christian,Sen_seek,3.5
157,23,Christian,Community,4.333333333
157,23,Christian,Rel_growth,3
157,23,Christian,Spirit_growth,3.6
157,23,Christian,Seek_life,5.25
159,58,Atheist,Nature_close,5.666666667
159,58,Atheist,Sen_seek,2.833333333
159,58,Atheist,Community,1
159,58,Atheist,Rel_growth,1.666666667
159,58,Atheist,Spirit_growth,3.4
159,58,Atheist,Seek_life,5.25
160,50,Atheist,Nature_close,4.333333333
160,50,Atheist,Sen_seek,4.166666667
160,50,Atheist,Community,1
160,50,Atheist,Rel_growth,1
160,50,Atheist,Spirit_growth,2.8
160,50,Atheist,Seek_life,2
161,53,Christian,Nature_close,3.333333333
161,53,Christian,Sen_seek,2.666666667
161,53,Christian,Community,2.666666667
161,53,Christian,Rel_growth,2.666666667
161,53,Christian,Spirit_growth,3.9494
161,53,Christian,Seek_life,2.5
162,18,Atheist,Nature_close,4.666666667
162,18,Atheist,Sen_seek,5.833333333
162,18,Atheist,Community,5
162,18,Atheist,Rel_growth,2.166666667
162,18,Atheist,Spirit_growth,3
162,18,Atheist,Seek_life,4.25
163,20,Atheist,Nature_close,5.333333333
163,20,Atheist,Sen_seek,4.333333333
163,20,Atheist,Community,1
163,20,Atheist,Rel_growth,2.166666667
163,20,Atheist,Spirit_growth,3.4
163,20,Atheist,Seek_life,1.5
164,26,Christian,Nature_close,4.666666667
164,26,Christian,Sen_seek,4.166666667
164,26,Christian,Community,2.333333333
164,26,Christian,Rel_growth,2.752333333
164,26,Christian,Spirit_growth,4.8
164,26,Christian,Seek_life,3
165,28,Atheist,Nature_close,5.333333333
165,28,Atheist,Sen_seek,3.666666667
165,28,Atheist,Community,1.666666667
165,28,Atheist,Rel_growth,3.5
165,28,Atheist,Spirit_growth,5.2
165,28,Atheist,Seek_life,3
166,37,Christian,Nature_close,4.666666667
166,37,Christian,Sen_seek,4.833333333
166,37,Christian,Community,1.333333333
166,37,Christian,Rel_growth,1
166,37,Christian,Spirit_growth,2
166,37,Christian,Seek_life,2
167,23,Christian,Nature_close,3.666666667
167,23,Christian,Sen_seek,5.682833333
167,23,Christian,Community,1
167,23,Christian,Rel_growth,2.5
167,23,Christian,Spirit_growth,1.4
167,23,Christian,Seek_life,1.75
168,23,Atheist,Nature_close,5.666666667
168,23,Atheist,Sen_seek,4.166666667
168,23,Atheist,Community,1
168,23,Atheist,Rel_growth,3.166666667
168,23,Atheist,Spirit_growth,4.2
168,23,Atheist,Seek_life,2.75
169,52,Atheist,Nature_close,5.333333333
169,52,Atheist,Sen_seek,2.666666667
169,52,Atheist,Community,2.666666667
169,52,Atheist,Rel_growth,4
169,52,Atheist,Spirit_growth,4.4
169,52,Atheist,Seek_life,3.25
170,26,Christian,Nature_close,4
170,26,Christian,Sen_seek,3.333333333
170,26,Christian,Community,1.333333333
170,26,Christian,Rel_growth,3.166666667
170,26,Christian,Spirit_growth,3.8
170,26,Christian,Seek_life,3.25
171,42,Atheist,Nature_close,3.666666667
171,42,Atheist,Sen_seek,4
171,42,Atheist,Community,1.666666667
171,42,Atheist,Rel_growth,1.166666667
171,42,Atheist,Spirit_growth,3.6
171,42,Atheist,Seek_life,1.25
172,28,Christian,Nature_close,6
172,28,Christian,Sen_seek,5
172,28,Christian,Community,5.666666667
172,28,Christian,Rel_growth,5.833333333
172,28,Christian,Spirit_growth,6
172,28,Christian,Seek_life,6
173,46,Christian,Nature_close,4.333333333
173,46,Christian,Sen_seek,5.666666667
173,46,Christian,Community,5
173,46,Christian,Rel_growth,1.833333333
173,46,Christian,Spirit_growth,1.8
173,46,Christian,Seek_life,1.5
174,28,Christian,Nature_close,6
174,28,Christian,Sen_seek,4.333333333
174,28,Christian,Community,3.666666667
174,28,Christian,Rel_growth,3.166666667
174,28,Christian,Spirit_growth,5.8
174,28,Christian,Seek_life,3.75
175,18,Atheist,Nature_close,4
175,18,Atheist,Sen_seek,4.333333333
175,18,Atheist,Community,1.333333333
175,18,Atheist,Rel_growth,3.166666667
175,18,Atheist,Spirit_growth,5.8
175,18,Atheist,Seek_life,4.0535
176,60,Christian,Nature_close,3
176,60,Christian,Sen_seek,2.5
176,60,Christian,Community,1
176,60,Christian,Rel_growth,1.666666667
176,60,Christian,Spirit_growth,4.7494
176,60,Christian,Seek_life,1
177,34,Christian,Nature_close,5.666666667
177,34,Christian,Sen_seek,4.333333333
177,34,Christian,Community,3
177,34,Christian,Rel_growth,2.166666667
177,34,Christian,Spirit_growth,4.2
177,34,Christian,Seek_life,1.75
178,46,Christian,Nature_close,4.333333333
178,46,Christian,Sen_seek,5.333333333
178,46,Christian,Community,2.333333333
178,46,Christian,Rel_growth,2.166666667
178,46,Christian,Spirit_growth,3.6
178,46,Christian,Seek_life,2
179,69,Christian,Nature_close,4
179,69,Christian,Sen_seek,3.666666667
179,69,Christian,Community,3.666666667
179,69,Christian,Rel_growth,3
179,69,Christian,Spirit_growth,3.3494
179,69,Christian,Seek_life,2.75
180,49,Christian,Nature_close,4.333333333
180,49,Christian,Sen_seek,3.833333333
180,49,Christian,Community,1
180,49,Christian,Rel_growth,2
180,49,Christian,Spirit_growth,3.2
180,49,Christian,Seek_life,3.25
181,55,Christian,Nature_close,4
181,55,Christian,Sen_seek,3.5
181,55,Christian,Community,3
181,55,Christian,Rel_growth,2.333333333
181,55,Christian,Spirit_growth,2.2
181,55,Christian,Seek_life,1.5
182,65,Christian,Nature_close,3.666666667
182,65,Christian,Sen_seek,3
182,65,Christian,Community,4
182,65,Christian,Rel_growth,4.166666667
182,65,Christian,Spirit_growth,3.7494
182,65,Christian,Seek_life,2.5
183,58,Christian,Nature_close,4.666666667
183,58,Christian,Sen_seek,5.333333333
183,58,Christian,Community,5
183,58,Christian,Rel_growth,5.833333333
183,58,Christian,Spirit_growth,5.3494
183,58,Christian,Seek_life,5.75
185,38,Christian,Nature_close,4.333333333
185,38,Christian,Sen_seek,3.666666667
185,38,Christian,Community,1.333333333
185,38,Christian,Rel_growth,5.333333333
185,38,Christian,Spirit_growth,3.747
185,38,Christian,Seek_life,2.5
186,30,Atheist,Nature_close,5.333333333
186,30,Atheist,Sen_seek,5
186,30,Atheist,Community,1
186,30,Atheist,Rel_growth,3.166666667
186,30,Atheist,Spirit_growth,5
186,30,Atheist,Seek_life,4
187,57,Christian,Nature_close,3
187,57,Christian,Sen_seek,3.333333333
187,57,Christian,Community,1.333333333
187,57,Christian,Rel_growth,1
187,57,Christian,Spirit_growth,2.6
187,57,Christian,Seek_life,2
188,41,Atheist,Nature_close,6
188,41,Atheist,Sen_seek,6
188,41,Atheist,Community,2
188,41,Atheist,Rel_growth,1
188,41,Atheist,Spirit_growth,4.6
188,41,Atheist,Seek_life,3.25
189,22,Atheist,Nature_close,4.666666667
189,22,Atheist,Sen_seek,3.666666667
189,22,Atheist,Community,1.666666667
189,22,Atheist,Rel_growth,1.333333333
189,22,Atheist,Spirit_growth,4
189,22,Atheist,Seek_life,3.5
190,28,Christian,Nature_close,1.666666667
190,28,Christian,Sen_seek,1.833333333
190,28,Christian,Community,1.666666667
190,28,Christian,Rel_growth,3.666666667
190,28,Christian,Spirit_growth,4.5494
190,28,Christian,Seek_life,5.25
191,38,Christian,Nature_close,5.333333333
191,38,Christian,Sen_seek,3.5
191,38,Christian,Community,1.333333333
191,38,Christian,Rel_growth,2
191,38,Christian,Spirit_growth,4.4
191,38,Christian,Seek_life,3.5
192,33,Christian,Nature_close,5.666666667
192,33,Christian,Sen_seek,4
192,33,Christian,Community,5.666666667
192,33,Christian,Rel_growth,5.833333333
192,33,Christian,Spirit_growth,6
192,33,Christian,Seek_life,5.25
193,45,Atheist,Nature_close,5
193,45,Atheist,Sen_seek,3.333333333
193,45,Atheist,Community,3.333333333
193,45,Atheist,Rel_growth,2.5
193,45,Atheist,Spirit_growth,4.6
193,45,Atheist,Seek_life,2.5
194,55,Christian,Nature_close,5.333333333
194,55,Christian,Sen_seek,4.5
194,55,Christian,Community,2.333333333
194,55,Christian,Rel_growth,1
194,55,Christian,Spirit_growth,3.6
194,55,Christian,Seek_life,1.25
195,40,Christian,Nature_close,3.666666667
195,40,Christian,Sen_seek,4.333333333
195,40,Christian,Community,4.333333333
195,40,Christian,Rel_growth,4.833333333
195,40,Christian,Spirit_growth,5.2
195,40,Christian,Seek_life,3.75
196,52,Christian,Nature_close,4
196,52,Christian,Sen_seek,2.166666667
196,52,Christian,Community,1.666666667
196,52,Christian,Rel_growth,4.333333333
196,52,Christian,Spirit_growth,5.2
196,52,Christian,Seek_life,4
197,48,Christian,Nature_close,4
197,48,Christian,Sen_seek,4.166666667
197,48,Christian,Community,3
197,48,Christian,Rel_growth,4.333333333
197,48,Christian,Spirit_growth,4.2
197,48,Christian,Seek_life,2.25
198,56,Atheist,Nature_close,4.666666667
198,56,Atheist,Sen_seek,3.5
198,56,Atheist,Community,1.666666667
198,56,Atheist,Rel_growth,1.166666667
198,56,Atheist,Spirit_growth,4
198,56,Atheist,Seek_life,1.5
199,31,Atheist,Nature_close,4.333333333
199,31,Atheist,Sen_seek,3.666666667
199,31,Atheist,Community,2.666666667
199,31,Atheist,Rel_growth,1
199,31,Atheist,Spirit_growth,5
199,31,Atheist,Seek_life,2.25
200,52,Christian,Nature_close,3.333333333
200,52,Christian,Sen_seek,1
200,52,Christian,Community,2.333333333
200,52,Christian,Rel_growth,5.5
200,52,Christian,Spirit_growth,5.6
200,52,Christian,Seek_life,2.5
201,40,Christian,Nature_close,4.333333333
201,40,Christian,Sen_seek,3.5
201,40,Christian,Community,3.333333333
201,40,Christian,Rel_growth,3.666666667
201,40,Christian,Spirit_growth,5
201,40,Christian,Seek_life,2.75
202,45,Christian,Nature_close,2.666666667
202,45,Christian,Sen_seek,3.5
202,45,Christian,Community,2.666666667
202,45,Christian,Rel_growth,2.666666667
202,45,Christian,Spirit_growth,3
202,45,Christian,Seek_life,1.25
203,40,Christian,Nature_close,4.333333333
203,40,Christian,Sen_seek,2.333333333
203,40,Christian,Community,1
203,40,Christian,Rel_growth,5
203,40,Christian,Spirit_growth,3.7494
203,40,Christian,Seek_life,2.25
204,26,Atheist,Nature_close,6
204,26,Atheist,Sen_seek,5
204,26,Atheist,Community,1.666666667
204,26,Atheist,Rel_growth,1
204,26,Atheist,Spirit_growth,1.6
204,26,Atheist,Seek_life,1
206,47,Christian,Nature_close,4
206,47,Christian,Sen_seek,2.666666667
206,47,Christian,Community,1.666666667
206,47,Christian,Rel_growth,4.666666667
206,47,Christian,Spirit_growth,5.2
206,47,Christian,Seek_life,5.5
209,24,Atheist,Nature_close,5.666666667
209,24,Atheist,Sen_seek,4.333333333
209,24,Atheist,Community,2.333333333
209,24,Atheist,Rel_growth,3.666666667
209,24,Atheist,Spirit_growth,5.6
209,24,Atheist,Seek_life,3.5
210,34,Christian,Nature_close,6
210,34,Christian,Sen_seek,1.666666667
210,34,Christian,Community,2.899666667
210,34,Christian,Rel_growth,4.5
210,34,Christian,Spirit_growth,5.4
210,34,Christian,Seek_life,3.75
212,64,Christian,Nature_close,4.333333333
212,64,Christian,Sen_seek,1.833333333
212,64,Christian,Community,4
212,64,Christian,Rel_growth,5
212,64,Christian,Spirit_growth,4.347
212,64,Christian,Seek_life,2
213,31,Christian,Nature_close,4.666666667
213,31,Christian,Sen_seek,3.166666667
213,31,Christian,Community,2.666666667
213,31,Christian,Rel_growth,6
213,31,Christian,Spirit_growth,6
213,31,Christian,Seek_life,5
214,28,Christian,Nature_close,2.666666667
214,28,Christian,Sen_seek,3.166666667
214,28,Christian,Community,3.333333333
214,28,Christian,Rel_growth,6
214,28,Christian,Spirit_growth,6
214,28,Christian,Seek_life,4
215,32,Christian,Nature_close,6
215,32,Christian,Sen_seek,4.833333333
215,32,Christian,Community,3.666666667
215,32,Christian,Rel_growth,5.666666667
215,32,Christian,Spirit_growth,4.8
215,32,Christian,Seek_life,4
216,46,Christian,Nature_close,3.333333333
216,46,Christian,Sen_seek,3.833333333
216,46,Christian,Community,1.666666667
216,46,Christian,Rel_growth,4.149333333
216,46,Christian,Spirit_growth,5.4
216,46,Christian,Seek_life,4.75
217,45,Christian,Nature_close,5.666666667
217,45,Christian,Sen_seek,3.833333333
217,45,Christian,Community,2
217,45,Christian,Rel_growth,4
217,45,Christian,Spirit_growth,4.4
217,45,Christian,Seek_life,4.75
218,32,Christian,Nature_close,5
218,32,Christian,Sen_seek,2.666666667
218,32,Christian,Community,2.333333333
218,32,Christian,Rel_growth,5.666666667
218,32,Christian,Spirit_growth,5.4
218,32,Christian,Seek_life,3.25
219,44,Christian,Nature_close,3.666666667
219,44,Christian,Sen_seek,1.833333333
219,44,Christian,Community,1.333333333
219,44,Christian,Rel_growth,3.166666667
219,44,Christian,Spirit_growth,4.4
219,44,Christian,Seek_life,1.25
220,57,Atheist,Nature_close,4
220,57,Atheist,Sen_seek,3.333333333
220,57,Atheist,Community,1.333333333
220,57,Atheist,Rel_growth,1.166666667
220,57,Atheist,Spirit_growth,3
220,57,Atheist,Seek_life,2.5
221,43,Christian,Nature_close,4.333333333
221,43,Christian,Sen_seek,2.166666667
221,43,Christian,Community,2
221,43,Christian,Rel_growth,4
221,43,Christian,Spirit_growth,4.8
221,43,Christian,Seek_life,4.75
222,37,Christian,Nature_close,6
222,37,Christian,Sen_seek,4
222,37,Christian,Community,4.666666667
222,37,Christian,Rel_growth,5.666666667
222,37,Christian,Spirit_growth,4.6
222,37,Christian,Seek_life,5
223,50,Christian,Nature_close,2.333333333
223,50,Christian,Sen_seek,1.166666667
223,50,Christian,Community,3.666666667
223,50,Christian,Rel_growth,4
223,50,Christian,Spirit_growth,4.4
223,50,Christian,Seek_life,2.5
224,29,Christian,Nature_close,4.333333333
224,29,Christian,Sen_seek,4.333333333
224,29,Christian,Community,3.333333333
224,29,Christian,Rel_growth,3
224,29,Christian,Spirit_growth,5.6
224,29,Christian,Seek_life,5.5
225,49,Christian,Nature_close,5
225,49,Christian,Sen_seek,5.666666667
225,49,Christian,Community,4.666666667
225,49,Christian,Rel_growth,1.166666667
225,49,Christian,Spirit_growth,3
225,49,Christian,Seek_life,2
226,49,Christian,Nature_close,4.333333333
226,49,Christian,Sen_seek,5.166666667
226,49,Christian,Community,6
226,49,Christian,Rel_growth,2
226,49,Christian,Spirit_growth,5.6
226,49,Christian,Seek_life,5.5
228,22,Christian,Nature_close,2.666666667
228,22,Christian,Sen_seek,4.666666667
228,22,Christian,Community,1.666666667
228,22,Christian,Rel_growth,3.166666667
228,22,Christian,Spirit_growth,3.6
228,22,Christian,Seek_life,5
229,20,Christian,Nature_close,4.666666667
229,20,Christian,Sen_seek,3.833333333
229,20,Christian,Community,2
229,20,Christian,Rel_growth,3.833333333
229,20,Christian,Spirit_growth,5.2
229,20,Christian,Seek_life,2
230,45,Christian,Nature_close,4.666666667
230,45,Christian,Sen_seek,4.5
230,45,Christian,Community,1.666666667
230,45,Christian,Rel_growth,3.833333333
230,45,Christian,Spirit_growth,4.2
230,45,Christian,Seek_life,1.5
231,43,Christian,Nature_close,3.666666667
231,43,Christian,Sen_seek,4
231,43,Christian,Community,2.666666667
231,43,Christian,Rel_growth,1
231,43,Christian,Spirit_growth,1.4
231,43,Christian,Seek_life,1
232,48,Christian,Nature_close,6
232,48,Christian,Sen_seek,3.333333333
232,48,Christian,Community,4.333333333
232,48,Christian,Rel_growth,5.166666667
232,48,Christian,Spirit_growth,5
232,48,Christian,Seek_life,2
233,43,Christian,Nature_close,4
233,43,Christian,Sen_seek,3
233,43,Christian,Community,2
233,43,Christian,Rel_growth,5.166666667
233,43,Christian,Spirit_growth,3.2
233,43,Christian,Seek_life,2.5
234,26,Atheist,Nature_close,4
234,26,Atheist,Sen_seek,3.333333333
234,26,Atheist,Community,1.666666667
234,26,Atheist,Rel_growth,3.333333333
234,26,Atheist,Spirit_growth,5.6
234,26,Atheist,Seek_life,5.5
235,30,Atheist,Nature_close,4.666666667
235,30,Atheist,Sen_seek,4.666666667
235,30,Atheist,Community,1.333333333
235,30,Atheist,Rel_growth,3.166666667
235,30,Atheist,Spirit_growth,4.9522
235,30,Atheist,Seek_life,3.5
237,50,Christian,Nature_close,2.666666667
237,50,Christian,Sen_seek,3.666666667
237,50,Christian,Community,2
237,50,Christian,Rel_growth,2.166666667
237,50,Christian,Spirit_growth,1.8
237,50,Christian,Seek_life,1
238,65,Christian,Nature_close,3
238,65,Christian,Sen_seek,1.5
238,65,Christian,Community,2
238,65,Christian,Rel_growth,5
238,65,Christian,Spirit_growth,4.1494
238,65,Christian,Seek_life,3.5
239,51,Christian,Nature_close,4.666666667
239,51,Christian,Sen_seek,3.5
239,51,Christian,Community,3.333333333
239,51,Christian,Rel_growth,4.166666667
239,51,Christian,Spirit_growth,4.8
239,51,Christian,Seek_life,4
240,62,Christian,Nature_close,1.666666667
240,62,Christian,Sen_seek,1.666666667
240,62,Christian,Community,1
240,62,Christian,Rel_growth,1
240,62,Christian,Spirit_growth,3
240,62,Christian,Seek_life,1
241,62,Christian,Nature_close,6
241,62,Christian,Sen_seek,3
241,62,Christian,Community,5
241,62,Christian,Rel_growth,5.166666667
241,62,Christian,Spirit_growth,5.6
241,62,Christian,Seek_life,2.5
242,17,Christian,Nature_close,4.333333333
242,17,Christian,Sen_seek,4.666666667
242,17,Christian,Community,2.666666667
242,17,Christian,Rel_growth,2.166666667
242,17,Christian,Spirit_growth,4.7494
242,17,Christian,Seek_life,5.5
243,25,Atheist,Nature_close,3.666666667
243,25,Atheist,Sen_seek,4
243,25,Atheist,Community,2.333333333
243,25,Atheist,Rel_growth,1.833333333
243,25,Atheist,Spirit_growth,4.2
243,25,Atheist,Seek_life,3.5
244,35,Christian,Nature_close,5.333333333
244,35,Christian,Sen_seek,5.666666667
244,35,Christian,Community,1.333333333
244,35,Christian,Rel_growth,2.333333333
244,35,Christian,Spirit_growth,5
244,35,Christian,Seek_life,3.5
245,52,Christian,Nature_close,2.333333333
245,52,Christian,Sen_seek,1.833333333
245,52,Christian,Community,1
245,52,Christian,Rel_growth,4.166666667
245,52,Christian,Spirit_growth,3.2
245,52,Christian,Seek_life,2
247,21,Atheist,Nature_close,6
247,21,Atheist,Sen_seek,3.666666667
247,21,Atheist,Community,2.333333333
247,21,Atheist,Rel_growth,3
247,21,Atheist,Spirit_growth,4.8
247,21,Atheist,Seek_life,5
248,27,Christian,Nature_close,2.666666667
248,27,Christian,Sen_seek,2.5
248,27,Christian,Community,3.333333333
248,27,Christian,Rel_growth,4.5
248,27,Christian,Spirit_growth,3.9494
248,27,Christian,Seek_life,3.25
249,53,Christian,Nature_close,4
249,53,Christian,Sen_seek,2.833333333
249,53,Christian,Community,3.666666667
249,53,Christian,Rel_growth,5.5
249,53,Christian,Spirit_growth,4.7494
249,53,Christian,Seek_life,3.5
250,48,Christian,Nature_close,4.666666667
250,48,Christian,Sen_seek,3.833333333
250,48,Christian,Community,4.333333333
250,48,Christian,Rel_growth,5
250,48,Christian,Spirit_growth,5.1494
250,48,Christian,Seek_life,4.25
251,28,Christian,Nature_close,4.333333333
251,28,Christian,Sen_seek,4.666666667
251,28,Christian,Community,3.666666667
251,28,Christian,Rel_growth,2
251,28,Christian,Spirit_growth,2.9494
251,28,Christian,Seek_life,3.75
252,22,Atheist,Nature_close,6
252,22,Atheist,Sen_seek,5.333333333
252,22,Atheist,Community,4.333333333
252,22,Atheist,Rel_growth,3
252,22,Atheist,Spirit_growth,5.6
252,22,Atheist,Seek_life,4
253,23,Christian,Nature_close,6
253,23,Christian,Sen_seek,5.5
253,23,Christian,Community,1.666666667
253,23,Christian,Rel_growth,3.5
253,23,Christian,Spirit_growth,5.7494
253,23,Christian,Seek_life,6
254,43,Christian,Nature_close,3.666666667
254,43,Christian,Sen_seek,2.833333333
254,43,Christian,Community,5
254,43,Christian,Rel_growth,5.333333333
254,43,Christian,Spirit_growth,5.8
254,43,Christian,Seek_life,4.25
256,24,Christian,Nature_close,5.333333333
256,24,Christian,Sen_seek,4.333333333
256,24,Christian,Community,3
256,24,Christian,Rel_growth,3.666666667
256,24,Christian,Spirit_growth,4.8
256,24,Christian,Seek_life,3.25
257,19,Atheist,Nature_close,3.333333333
257,19,Atheist,Sen_seek,4.333333333
257,19,Atheist,Community,2
257,19,Atheist,Rel_growth,1
257,19,Atheist,Spirit_growth,2.4
257,19,Atheist,Seek_life,4.5
258,57,Christian,Nature_close,5
258,57,Christian,Sen_seek,5.333333333
258,57,Christian,Community,4.666666667
258,57,Christian,Rel_growth,3.833333333
258,57,Christian,Spirit_growth,5.3494
258,57,Christian,Seek_life,4
259,55,Christian,Nature_close,4
259,55,Christian,Sen_seek,2.188
259,55,Christian,Community,5.666666667
259,55,Christian,Rel_growth,4.833333333
259,55,Christian,Spirit_growth,4.4
259,55,Christian,Seek_life,1
260,56,Atheist,Nature_close,5.333333333
260,56,Atheist,Sen_seek,5
260,56,Atheist,Community,3
260,56,Atheist,Rel_growth,2.833333333
260,56,Atheist,Spirit_growth,3.3522
260,56,Atheist,Seek_life,3.25
261,61,Christian,Nature_close,5.333333333
261,61,Christian,Sen_seek,6
261,61,Christian,Community,3.333333333
261,61,Christian,Rel_growth,2.833333333
261,61,Christian,Spirit_growth,4
261,61,Christian,Seek_life,2.5
263,34,Christian,Nature_close,6
263,34,Christian,Sen_seek,5.833333333
263,34,Christian,Community,3.333333333
263,34,Christian,Rel_growth,4.5
263,34,Christian,Spirit_growth,5.4
263,34,Christian,Seek_life,4.25
264,65,Christian,Nature_close,3
264,65,Christian,Sen_seek,1.833333333
264,65,Christian,Community,1
264,65,Christian,Rel_growth,2.666666667
264,65,Christian,Spirit_growth,5.2
264,65,Christian,Seek_life,2.5
265,38,Christian,Nature_close,5
265,38,Christian,Sen_seek,3.666666667
265,38,Christian,Community,4
265,38,Christian,Rel_growth,4.333333333
265,38,Christian,Spirit_growth,5
265,38,Christian,Seek_life,3.5
266,25,Atheist,Nature_close,4
266,25,Atheist,Sen_seek,3.333333333
266,25,Atheist,Community,4.666666667
266,25,Atheist,Rel_growth,2.166666667
266,25,Atheist,Spirit_growth,4.8
266,25,Atheist,Seek_life,2.75
267,23,Atheist,Nature_close,4.333333333
267,23,Atheist,Sen_seek,4
267,23,Atheist,Community,1.666666667
267,23,Atheist,Rel_growth,1.5
267,23,Atheist,Spirit_growth,3.2
267,23,Atheist,Seek_life,1.25
269,41,Atheist,Nature_close,6
269,41,Atheist,Sen_seek,2.833333333
269,41,Atheist,Community,3.333333333
269,41,Atheist,Rel_growth,1.666666667
269,41,Atheist,Spirit_growth,4.4
269,41,Atheist,Seek_life,2.25
270,40,Christian,Nature_close,4.666666667
270,40,Christian,Sen_seek,1.333333333
270,40,Christian,Community,4
270,40,Christian,Rel_growth,6
270,40,Christian,Spirit_growth,5.7494
270,40,Christian,Seek_life,6
271,35,Christian,Nature_close,4
271,35,Christian,Sen_seek,4.666666667
271,35,Christian,Community,2
271,35,Christian,Rel_growth,2.333333333
271,35,Christian,Spirit_growth,5.4
271,35,Christian,Seek_life,5.25
273,57,Christian,Nature_close,2.333333333
273,57,Christian,Sen_seek,1.333333333
273,57,Christian,Community,1
273,57,Christian,Rel_growth,5.166666667
273,57,Christian,Spirit_growth,4.2
273,57,Christian,Seek_life,1.75
274,70,Christian,Nature_close,4.333333333
274,70,Christian,Sen_seek,1.5
274,70,Christian,Community,3.666666667
274,70,Christian,Rel_growth,3.833333333
274,70,Christian,Spirit_growth,5.7494
274,70,Christian,Seek_life,4.75
275,63,Christian,Nature_close,2.333333333
275,63,Christian,Sen_seek,2
275,63,Christian,Community,1.666666667
275,63,Christian,Rel_growth,2.5
275,63,Christian,Spirit_growth,1
275,63,Christian,Seek_life,1
276,40,Christian,Nature_close,3.333333333
276,40,Christian,Sen_seek,2.166666667
276,40,Christian,Community,3.666666667
276,40,Christian,Rel_growth,2
276,40,Christian,Spirit_growth,3.4
276,40,Christian,Seek_life,1
277,35,Christian,Nature_close,3.666666667
277,35,Christian,Sen_seek,2.333333333
277,35,Christian,Community,4
277,35,Christian,Rel_growth,4.333333333
277,35,Christian,Spirit_growth,3.6
277,35,Christian,Seek_life,1.5
278,21,Atheist,Nature_close,5
278,21,Atheist,Sen_seek,4.666666667
278,21,Atheist,Community,4.666666667
278,21,Atheist,Rel_growth,1.166666667
278,21,Atheist,Spirit_growth,5.4
278,21,Atheist,Seek_life,4.25
279,20,Christian,Nature_close,3
279,20,Christian,Sen_seek,3.5
279,20,Christian,Community,3.333333333
279,20,Christian,Rel_growth,3.333333333
279,20,Christian,Spirit_growth,2.8
279,20,Christian,Seek_life,2.25
280,21,Atheist,Nature_close,6
280,21,Atheist,Sen_seek,5.666666667
280,21,Atheist,Community,3
280,21,Atheist,Rel_growth,2.5
280,21,Atheist,Spirit_growth,5.6
280,21,Atheist,Seek_life,3.25
281,45,Atheist,Nature_close,3.333333333
281,45,Atheist,Sen_seek,5
281,45,Atheist,Community,2.666666667
281,45,Atheist,Rel_growth,1
281,45,Atheist,Spirit_growth,3.2
281,45,Atheist,Seek_life,3.5
282,50,Atheist,Nature_close,4
282,50,Atheist,Sen_seek,4.166666667
282,50,Atheist,Community,2.333333333
282,50,Atheist,Rel_growth,1
282,50,Atheist,Spirit_growth,4.2
282,50,Atheist,Seek_life,1.75
284,20,Atheist,Nature_close,4.333333333
284,20,Atheist,Sen_seek,4.833333333
284,20,Atheist,Community,2.666666667
284,20,Atheist,Rel_growth,1.333333333
284,20,Atheist,Spirit_growth,4
284,20,Atheist,Seek_life,3.25
285,33,Christian,Nature_close,3.333333333
285,33,Christian,Sen_seek,1.833333333
285,33,Christian,Community,2.666666667
285,33,Christian,Rel_growth,6
285,33,Christian,Spirit_growth,5.6
285,33,Christian,Seek_life,2.5
287,22,Atheist,Nature_close,4.333333333
287,22,Atheist,Sen_seek,4.666666667
287,22,Atheist,Community,1
287,22,Atheist,Rel_growth,1
287,22,Atheist,Spirit_growth,1.7522
287,22,Atheist,Seek_life,2
288,55,Christian,Nature_close,6
288,55,Christian,Sen_seek,4.166666667
288,55,Christian,Community,3.666666667
288,55,Christian,Rel_growth,2.166666667
288,55,Christian,Spirit_growth,1.8
288,55,Christian,Seek_life,1
289,20,Atheist,Nature_close,4
289,20,Atheist,Sen_seek,4
289,20,Atheist,Community,2.666666667
289,20,Atheist,Rel_growth,2.833333333
289,20,Atheist,Spirit_growth,4
289,20,Atheist,Seek_life,3.25
290,20,Christian,Nature_close,3.333333333
290,20,Christian,Sen_seek,4.5
290,20,Christian,Community,4.666666667
290,20,Christian,Rel_growth,5.166666667
290,20,Christian,Spirit_growth,5.4
290,20,Christian,Seek_life,2.75
291,20,Christian,Nature_close,4
291,20,Christian,Sen_seek,5.5
291,20,Christian,Community,5.333333333
291,20,Christian,Rel_growth,5.333333333
291,20,Christian,Spirit_growth,4.2
291,20,Christian,Seek_life,4.25
292,20,Christian,Nature_close,3
292,20,Christian,Sen_seek,3.333333333
292,20,Christian,Community,2
292,20,Christian,Rel_growth,2.666666667
292,20,Christian,Spirit_growth,3.6
292,20,Christian,Seek_life,2.25
293,20,Christian,Nature_close,3.666666667
293,20,Christian,Sen_seek,3.833333333
293,20,Christian,Community,4
293,20,Christian,Rel_growth,5.333333333
293,20,Christian,Spirit_growth,5.6
293,20,Christian,Seek_life,4.25
294,57,Christian,Nature_close,4
294,57,Christian,Sen_seek,3.166666667
294,57,Christian,Community,3.666666667
294,57,Christian,Rel_growth,5.666666667
294,57,Christian,Spirit_growth,5
294,57,Christian,Seek_life,3.25
295,18,Atheist,Nature_close,4
295,18,Atheist,Sen_seek,5
295,18,Atheist,Community,3.666666667
295,18,Atheist,Rel_growth,1.565166667
295,18,Atheist,Spirit_growth,3.4
295,18,Atheist,Seek_life,2
296,19,Christian,Nature_close,2.333333333
296,19,Christian,Sen_seek,3.833333333
296,19,Christian,Community,3
296,19,Christian,Rel_growth,2.666666667
296,19,Christian,Spirit_growth,2
296,19,Christian,Seek_life,1.5
297,36,Christian,Nature_close,4.333333333
297,36,Christian,Sen_seek,2.666666667
297,36,Christian,Community,5
297,36,Christian,Rel_growth,4.833333333
297,36,Christian,Spirit_growth,4.4
297,36,Christian,Seek_life,3
298,41,Christian,Nature_close,2.666666667
298,41,Christian,Sen_seek,1
298,41,Christian,Community,2.666666667
298,41,Christian,Rel_growth,2
298,41,Christian,Spirit_growth,3.4
298,41,Christian,Seek_life,3.25
299,48,Christian,Nature_close,2.593666667
299,48,Christian,Sen_seek,2.333333333
299,48,Christian,Community,1.666666667
299,48,Christian,Rel_growth,2.833333333
299,48,Christian,Spirit_growth,5.4
299,48,Christian,Seek_life,6
301,27,Christian,Nature_close,5.333333333
301,27,Christian,Sen_seek,5.833333333
301,27,Christian,Community,3
301,27,Christian,Rel_growth,3.666666667
301,27,Christian,Spirit_growth,5.4
301,27,Christian,Seek_life,5.75
302,59,Christian,Nature_close,5.333333333
302,59,Christian,Sen_seek,4.5
302,59,Christian,Community,5
302,59,Christian,Rel_growth,5.666666667
302,59,Christian,Spirit_growth,5.2
302,59,Christian,Seek_life,4
303,33,Christian,Nature_close,6
303,33,Christian,Sen_seek,4.833333333
303,33,Christian,Community,2.333333333
303,33,Christian,Rel_growth,1.333333333
303,33,Christian,Spirit_growth,4.4
303,33,Christian,Seek_life,2.5
304,32,Christian,Nature_close,5.666666667
304,32,Christian,Sen_seek,5.833333333
304,32,Christian,Community,4.333333333
304,32,Christian,Rel_growth,1.166666667
304,32,Christian,Spirit_growth,3.6
304,32,Christian,Seek_life,1.75
305,21,Christian,Nature_close,5
305,21,Christian,Sen_seek,5.166666667
305,21,Christian,Community,4.666666667
305,21,Christian,Rel_growth,2.333333333
305,21,Christian,Spirit_growth,3
305,21,Christian,Seek_life,2
306,16,Christian,Nature_close,1.666666667
306,16,Christian,Sen_seek,4.333333333
306,16,Christian,Community,4
306,16,Christian,Rel_growth,2
306,16,Christian,Spirit_growth,2.4
306,16,Christian,Seek_life,1
307,38,Christian,Nature_close,5.333333333
307,38,Christian,Sen_seek,4.5
307,38,Christian,Community,2.333333333
307,38,Christian,Rel_growth,3.5
307,38,Christian,Spirit_growth,3.2
307,38,Christian,Seek_life,2
308,24,Christian,Nature_close,5
308,24,Christian,Sen_seek,4.166666667
308,24,Christian,Community,5.666666667
308,24,Christian,Rel_growth,5.166666667
308,24,Christian,Spirit_growth,5.4
308,24,Christian,Seek_life,4
309,22,Christian,Nature_close,6
309,22,Christian,Sen_seek,4.333333333
309,22,Christian,Community,4.333333333
309,22,Christian,Rel_growth,4.833333333
309,22,Christian,Spirit_growth,5.2
309,22,Christian,Seek_life,3.25
310,23,Christian,Nature_close,5.666666667
310,23,Christian,Sen_seek,5.666666667
310,23,Christian,Community,2.233
310,23,Christian,Rel_growth,6
310,23,Christian,Spirit_growth,6
310,23,Christian,Seek_life,5.75
311,19,Atheist,Nature_close,2.333333333
311,19,Atheist,Sen_seek,5.166666667
311,19,Atheist,Community,1
311,19,Atheist,Rel_growth,1.166666667
311,19,Atheist,Spirit_growth,4.8
311,19,Atheist,Seek_life,3
312,31,Christian,Nature_close,3.666666667
312,31,Christian,Sen_seek,4.5
312,31,Christian,Community,1
312,31,Christian,Rel_growth,3.5
312,31,Christian,Spirit_growth,5.6
312,31,Christian,Seek_life,3.75
313,53,Christian,Nature_close,4.666666667
313,53,Christian,Sen_seek,2.833333333
313,53,Christian,Community,5.333333333
313,53,Christian,Rel_growth,3.333333333
313,53,Christian,Spirit_growth,4
313,53,Christian,Seek_life,1.75
314,54,Christian,Nature_close,5
314,54,Christian,Sen_seek,2.833333333
314,54,Christian,Community,5.666666667
314,54,Christian,Rel_growth,2.5
314,54,Christian,Spirit_growth,2.4
314,54,Christian,Seek_life,2
315,40,Christian,Nature_close,5
315,40,Christian,Sen_seek,2.666666667
315,40,Christian,Community,4
315,40,Christian,Rel_growth,5.833333333
315,40,Christian,Spirit_growth,5.6
315,40,Christian,Seek_life,4.5
316,39,Christian,Nature_close,3
316,39,Christian,Sen_seek,1.666666667
316,39,Christian,Community,2.666666667
316,39,Christian,Rel_growth,6
316,39,Christian,Spirit_growth,5.2
316,39,Christian,Seek_life,2.75
317,23,Christian,Nature_close,3.333333333
317,23,Christian,Sen_seek,4.5
317,23,Christian,Community,3
317,23,Christian,Rel_growth,5.833333333
317,23,Christian,Spirit_growth,5.2
317,23,Christian,Seek_life,4.75
318,29,Christian,Nature_close,4
318,29,Christian,Sen_seek,3
318,29,Christian,Community,4.333333333
318,29,Christian,Rel_growth,5.333333333
318,29,Christian,Spirit_growth,5.4
318,29,Christian,Seek_life,4.5
319,42,Atheist,Nature_close,5
319,42,Atheist,Sen_seek,4.833333333
319,42,Atheist,Community,2.666666667
319,42,Atheist,Rel_growth,1.5
319,42,Atheist,Spirit_growth,3.8
319,42,Atheist,Seek_life,5
320,21,Atheist,Nature_close,4.666666667
320,21,Atheist,Sen_seek,3.833333333
320,21,Atheist,Community,1.666666667
320,21,Atheist,Rel_growth,3.166666667
320,21,Atheist,Spirit_growth,5.4
320,21,Atheist,Seek_life,4.25
321,35,Christian,Nature_close,3.666666667
321,35,Christian,Sen_seek,5.166666667
321,35,Christian,Community,3.666666667
321,35,Christian,Rel_growth,4.5
321,35,Christian,Spirit_growth,4.6
321,35,Christian,Seek_life,3.25
322,55,Christian,Nature_close,3.666666667
322,55,Christian,Sen_seek,3.5
322,55,Christian,Community,2
322,55,Christian,Rel_growth,1.666666667
322,55,Christian,Spirit_growth,2
322,55,Christian,Seek_life,1
323,27,Christian,Nature_close,3.333333333
323,27,Christian,Sen_seek,3.666666667
323,27,Christian,Community,3.666666667
323,27,Christian,Rel_growth,4.833333333
323,27,Christian,Spirit_growth,3.8
323,27,Christian,Seek_life,4
324,53,Christian,Nature_close,4.333333333
324,53,Christian,Sen_seek,4.166666667
324,53,Christian,Community,2
324,53,Christian,Rel_growth,3.166666667
324,53,Christian,Spirit_growth,2.2
324,53,Christian,Seek_life,1
325,16,Christian,Nature_close,3.666666667
325,16,Christian,Sen_seek,3.833333333
325,16,Christian,Community,3
325,16,Christian,Rel_growth,2
325,16,Christian,Spirit_growth,4.2
325,16,Christian,Seek_life,2.5
326,45,Christian,Nature_close,6
326,45,Christian,Sen_seek,3.5
326,45,Christian,Community,3.666666667
326,45,Christian,Rel_growth,2.833333333
326,45,Christian,Spirit_growth,3.8
326,45,Christian,Seek_life,2
327,32,Christian,Nature_close,2.666666667
327,32,Christian,Sen_seek,4
327,32,Christian,Community,2.333333333
327,32,Christian,Rel_growth,1.166666667
327,32,Christian,Spirit_growth,2.2
327,32,Christian,Seek_life,1.75
328,22,Christian,Nature_close,3.666666667
328,22,Christian,Sen_seek,4.5
328,22,Christian,Community,4
328,22,Christian,Rel_growth,4.666666667
328,22,Christian,Spirit_growth,5.6
328,22,Christian,Seek_life,4.5
329,31,Christian,Nature_close,5.333333333
329,31,Christian,Sen_seek,6
329,31,Christian,Community,4
329,31,Christian,Rel_growth,4.833333333
329,31,Christian,Spirit_growth,5.8
329,31,Christian,Seek_life,4
330,40,Christian,Nature_close,3.666666667
330,40,Christian,Sen_seek,4.333333333
330,40,Christian,Community,3.333333333
330,40,Christian,Rel_growth,2.5
330,40,Christian,Spirit_growth,2.8
330,40,Christian,Seek_life,1
331,16,Christian,Nature_close,3.666666667
331,16,Christian,Sen_seek,5.666666667
331,16,Christian,Community,1
331,16,Christian,Rel_growth,1
331,16,Christian,Spirit_growth,2.6
331,16,Christian,Seek_life,1.75
332,67,Christian,Nature_close,4
332,67,Christian,Sen_seek,3.9815
332,67,Christian,Community,3
332,67,Christian,Rel_growth,2.666666667
332,67,Christian,Spirit_growth,2.2
332,67,Christian,Seek_life,1
333,54,Christian,Nature_close,3.333333333
333,54,Christian,Sen_seek,4.166666667
333,54,Christian,Community,3
333,54,Christian,Rel_growth,1.833333333
333,54,Christian,Spirit_growth,1.2
333,54,Christian,Seek_life,1
334,16,Atheist,Nature_close,5.666666667
334,16,Atheist,Sen_seek,4
334,16,Atheist,Community,3.333333333
334,16,Atheist,Rel_growth,1
334,16,Atheist,Spirit_growth,1.8
334,16,Atheist,Seek_life,1.25
335,40,Christian,Nature_close,4.333333333
335,40,Christian,Sen_seek,2.166666667
335,40,Christian,Community,2
335,40,Christian,Rel_growth,5
335,40,Christian,Spirit_growth,4.4
335,40,Christian,Seek_life,2.75
336,23,Christian,Nature_close,5.666666667
336,23,Christian,Sen_seek,5
336,23,Christian,Community,4
336,23,Christian,Rel_growth,1.666666667
336,23,Christian,Spirit_growth,3
336,23,Christian,Seek_life,2.75
337,30,Christian,Nature_close,3.666666667
337,30,Christian,Sen_seek,3.166666667
337,30,Christian,Community,3
337,30,Christian,Rel_growth,3.166666667
337,30,Christian,Spirit_growth,4.2
337,30,Christian,Seek_life,2
338,42,Christian,Nature_close,6
338,42,Christian,Sen_seek,3.833333333
338,42,Christian,Community,3
338,42,Christian,Rel_growth,4.333333333
338,42,Christian,Spirit_growth,4.6
338,42,Christian,Seek_life,2.5
339,41,Christian,Nature_close,5.333333333
339,41,Christian,Sen_seek,3.833333333
339,41,Christian,Community,2.333333333
339,41,Christian,Rel_growth,5
339,41,Christian,Spirit_growth,4
339,41,Christian,Seek_life,1.75
340,61,Christian,Nature_close,4.333333333
340,61,Christian,Sen_seek,2.833333333
340,61,Christian,Community,1.666666667
340,61,Christian,Rel_growth,3.5
340,61,Christian,Spirit_growth,3.6
340,61,Christian,Seek_life,1.5
341,27,Christian,Nature_close,3.666666667
341,27,Christian,Sen_seek,3
341,27,Christian,Community,2.333333333
341,27,Christian,Rel_growth,4.5
341,27,Christian,Spirit_growth,3.8
341,27,Christian,Seek_life,5.5
343,54,Christian,Nature_close,5.666666667
343,54,Christian,Sen_seek,4.5
343,54,Christian,Community,2.333333333
343,54,Christian,Rel_growth,4.833333333
343,54,Christian,Spirit_growth,5.6
343,54,Christian,Seek_life,4
344,29,Christian,Nature_close,5.333333333
344,29,Christian,Sen_seek,4.5
344,29,Christian,Community,2.666666667
344,29,Christian,Rel_growth,3.333333333
344,29,Christian,Spirit_growth,5.8
344,29,Christian,Seek_life,3.75
345,22,Atheist,Nature_close,4.333333333
345,22,Atheist,Sen_seek,4.333333333
345,22,Atheist,Community,2
345,22,Atheist,Rel_growth,2.166666667
345,22,Atheist,Spirit_growth,5.4
345,22,Atheist,Seek_life,2.5
346,35,Christian,Nature_close,4.333333333
346,35,Christian,Sen_seek,4.833333333
346,35,Christian,Community,3.666666667
346,35,Christian,Rel_growth,3.833333333
346,35,Christian,Spirit_growth,5
346,35,Christian,Seek_life,5
347,63,Christian,Nature_close,4.666666667
347,63,Christian,Sen_seek,1
347,63,Christian,Community,2.666666667
347,63,Christian,Rel_growth,4.333333333
347,63,Christian,Spirit_growth,4.4
347,63,Christian,Seek_life,2.25
348,36,Christian,Nature_close,5.333333333
348,36,Christian,Sen_seek,3.833333333
348,36,Christian,Community,2.333333333
348,36,Christian,Rel_growth,4.333333333
348,36,Christian,Spirit_growth,6
348,36,Christian,Seek_life,5
350,30,Christian,Nature_close,4.333333333
350,30,Christian,Sen_seek,3.333333333
350,30,Christian,Community,5
350,30,Christian,Rel_growth,5.666666667
350,30,Christian,Spirit_growth,3.4
350,30,Christian,Seek_life,2.25
351,31,Christian,Nature_close,4
351,31,Christian,Sen_seek,4.333333333
351,31,Christian,Community,4
351,31,Christian,Rel_growth,4.833333333
351,31,Christian,Spirit_growth,5.2
351,31,Christian,Seek_life,5
352,25,Atheist,Nature_close,3.666666667
352,25,Atheist,Sen_seek,4
352,25,Atheist,Community,1.333333333
352,25,Atheist,Rel_growth,1.833333333
352,25,Atheist,Spirit_growth,4.4
352,25,Atheist,Seek_life,1.25
353,35,Christian,Nature_close,4.333333333
353,35,Christian,Sen_seek,2.833333333
353,35,Christian,Community,2
353,35,Christian,Rel_growth,4.5
353,35,Christian,Spirit_growth,4.8
353,35,Christian,Seek_life,3
354,65,Christian,Nature_close,2
354,65,Christian,Sen_seek,1.833333333
354,65,Christian,Community,1
354,65,Christian,Rel_growth,3.666666667
354,65,Christian,Spirit_growth,2.8
354,65,Christian,Seek_life,3
355,62,Christian,Nature_close,3
355,62,Christian,Sen_seek,2.166666667
355,62,Christian,Community,3
355,62,Christian,Rel_growth,3.5
355,62,Christian,Spirit_growth,3.2
355,62,Christian,Seek_life,1.75
356,19,Atheist,Nature_close,5.666666667
356,19,Atheist,Sen_seek,5.166666667
356,19,Atheist,Community,4.333333333
356,19,Atheist,Rel_growth,1
356,19,Atheist,Spirit_growth,5.2
356,19,Atheist,Seek_life,4.75
357,20,Atheist,Nature_close,6
357,20,Atheist,Sen_seek,6
357,20,Atheist,Community,1.666666667
357,20,Atheist,Rel_growth,1.666666667
357,20,Atheist,Spirit_growth,4.4
357,20,Atheist,Seek_life,2.75
358,57,Christian,Nature_close,6
358,57,Christian,Sen_seek,3.333333333
358,57,Christian,Community,1
358,57,Christian,Rel_growth,4.333333333
358,57,Christian,Spirit_growth,6
358,57,Christian,Seek_life,4
359,23,Christian,Nature_close,3.291666667
359,23,Christian,Sen_seek,5.833333333
359,23,Christian,Community,1
359,23,Christian,Rel_growth,2.333333333
359,23,Christian,Spirit_growth,4.6
359,23,Christian,Seek_life,4.75
360,67,Christian,Nature_close,5
360,67,Christian,Sen_seek,3.166666667
360,67,Christian,Community,2.666666667
360,67,Christian,Rel_growth,3.833333333
360,67,Christian,Spirit_growth,4
360,67,Christian,Seek_life,1.25
361,32,Christian,Nature_close,5.333333333
361,32,Christian,Sen_seek,5.333333333
361,32,Christian,Community,3.333333333
361,32,Christian,Rel_growth,4.5
361,32,Christian,Spirit_growth,5.2
361,32,Christian,Seek_life,3.63975
362,33,Christian,Nature_close,5.333333333
362,33,Christian,Sen_seek,4.833333333
362,33,Christian,Community,3.333333333
362,33,Christian,Rel_growth,3
362,33,Christian,Spirit_growth,3.6
362,33,Christian,Seek_life,3
363,53,Christian,Nature_close,4.333333333
363,53,Christian,Sen_seek,4.5
363,53,Christian,Community,1.666666667
363,53,Christian,Rel_growth,1.166666667
363,53,Christian,Spirit_growth,2.4
363,53,Christian,Seek_life,2.5
364,57,Christian,Nature_close,4.333333333
364,57,Christian,Sen_seek,2.333333333
364,57,Christian,Community,3.333333333
364,57,Christian,Rel_growth,5.333333333
364,57,Christian,Spirit_growth,5
364,57,Christian,Seek_life,3.25
365,49,Christian,Nature_close,3.756666667
365,49,Christian,Sen_seek,3
365,49,Christian,Community,2
365,49,Christian,Rel_growth,4
365,49,Christian,Spirit_growth,4.4
365,49,Christian,Seek_life,2
366,43,Christian,Nature_close,3.333333333
366,43,Christian,Sen_seek,2.448
366,43,Christian,Community,1
366,43,Christian,Rel_growth,4.166666667
366,43,Christian,Spirit_growth,3.8
366,43,Christian,Seek_life,2
367,46,Christian,Nature_close,3.333333333
367,46,Christian,Sen_seek,1.5
367,46,Christian,Community,3.666666667
367,46,Christian,Rel_growth,1.666666667
367,46,Christian,Spirit_growth,5.4
367,46,Christian,Seek_life,2.25
368,39,Atheist,Nature_close,4
368,39,Atheist,Sen_seek,4.5
368,39,Atheist,Community,3
368,39,Atheist,Rel_growth,1
368,39,Atheist,Spirit_growth,2.4
368,39,Atheist,Seek_life,1.5
369,28,Atheist,Nature_close,4.666666667
369,28,Atheist,Sen_seek,3.666666667
369,28,Atheist,Community,1
369,28,Atheist,Rel_growth,1.666666667
369,28,Atheist,Spirit_growth,3
369,28,Atheist,Seek_life,3.5
370,39,Christian,Nature_close,4.333333333
370,39,Christian,Sen_seek,2
370,39,Christian,Community,2.666666667
370,39,Christian,Rel_growth,5.166666667
370,39,Christian,Spirit_growth,5
370,39,Christian,Seek_life,6
371,48,Christian,Nature_close,4.666666667
371,48,Christian,Sen_seek,4.333333333
371,48,Christian,Community,2.333333333
371,48,Christian,Rel_growth,4.833333333
371,48,Christian,Spirit_growth,4.8
371,48,Christian,Seek_life,4.25
372,60,Christian,Nature_close,3
372,60,Christian,Sen_seek,2
372,60,Christian,Community,3.666666667
372,60,Christian,Rel_growth,3.833333333
372,60,Christian,Spirit_growth,3.6
372,60,Christian,Seek_life,2.25
373,19,Christian,Nature_close,3.666666667
373,19,Christian,Sen_seek,5.666666667
373,19,Christian,Community,1.666666667
373,19,Christian,Rel_growth,1.166666667
373,19,Christian,Spirit_growth,4.2
373,19,Christian,Seek_life,3
374,19,Christian,Nature_close,4.333333333
374,19,Christian,Sen_seek,3.166666667
374,19,Christian,Community,1
374,19,Christian,Rel_growth,1
374,19,Christian,Spirit_growth,3.6
374,19,Christian,Seek_life,1
375,33,Christian,Nature_close,4.666666667
375,33,Christian,Sen_seek,3.166666667
375,33,Christian,Community,2.333333333
375,33,Christian,Rel_growth,4.833333333
375,33,Christian,Spirit_growth,5.8
375,33,Christian,Seek_life,5.5
376,36,Christian,Nature_close,1.666666667
376,36,Christian,Sen_seek,3.166666667
376,36,Christian,Community,3.333333333
376,36,Christian,Rel_growth,2.666666667
376,36,Christian,Spirit_growth,1.4
376,36,Christian,Seek_life,1.75
377,43,Christian,Nature_close,5.333333333
377,43,Christian,Sen_seek,3.5
377,43,Christian,Community,3
377,43,Christian,Rel_growth,4
377,43,Christian,Spirit_growth,5
377,43,Christian,Seek_life,2.75
378,63,Christian,Nature_close,4.333333333
378,63,Christian,Sen_seek,5.166666667
378,63,Christian,Community,5.333333333
378,63,Christian,Rel_growth,5.5
378,63,Christian,Spirit_growth,5.4
378,63,Christian,Seek_life,4.5
379,56,Christian,Nature_close,6
379,56,Christian,Sen_seek,6
379,56,Christian,Community,4.333333333
379,56,Christian,Rel_growth,5.833333333
379,56,Christian,Spirit_growth,5
379,56,Christian,Seek_life,4.75
380,46,Christian,Nature_close,3.666666667
380,46,Christian,Sen_seek,2
380,46,Christian,Community,2.666666667
380,46,Christian,Rel_growth,3.833333333
380,46,Christian,Spirit_growth,4.2
380,46,Christian,Seek_life,4.5
381,27,Christian,Nature_close,5.333333333
381,27,Christian,Sen_seek,4.666666667
381,27,Christian,Community,2
381,27,Christian,Rel_growth,4.166666667
381,27,Christian,Spirit_growth,4.4
381,27,Christian,Seek_life,2
382,28,Christian,Nature_close,5
382,28,Christian,Sen_seek,2.5
382,28,Christian,Community,3.666666667
382,28,Christian,Rel_growth,5.5
382,28,Christian,Spirit_growth,6
382,28,Christian,Seek_life,3.75
383,22,Christian,Nature_close,5
383,22,Christian,Sen_seek,5.666666667
383,22,Christian,Community,1.666666667
383,22,Christian,Rel_growth,5.666666667
383,22,Christian,Spirit_growth,5.8
383,22,Christian,Seek_life,5.5
384,59,Christian,Nature_close,5.666666667
384,59,Christian,Sen_seek,4.833333333
384,59,Christian,Community,3
384,59,Christian,Rel_growth,6
384,59,Christian,Spirit_growth,4.4
384,59,Christian,Seek_life,6
385,39,Christian,Nature_close,5.666666667
385,39,Christian,Sen_seek,3.5
385,39,Christian,Community,1.333333333
385,39,Christian,Rel_growth,4.5
385,39,Christian,Spirit_growth,3.4
385,39,Christian,Seek_life,2.25
